"","player_name","mp","raptor_offense","raptor_defense","raptor_total","salary","position","guard","forward","center"
"1","Aaron Gordon",1683,-0.658531633635796,1.00912940284961,0.350597769213817,"$18,136,364.00","F",0,1,0
"2","Aaron Holiday",1176,-1.38777647044666,-0.85235552395195,-2.24013199439861,"$2,345,640.00","G",1,0,0
"3","Aaron Nesmith",744,-1.90328532393242,-0.899754636213066,-2.80303996014548,"$3,458,400.00","G/F",1,1,0
"4","Al Horford",782,-0.903886645441267,3.71716331550367,2.8132766700624,"$27,500,000.00","F/C",0,1,1
"5","Alec Burks",1383,1.87367687638445,0.564556407775309,2.43823328415976,"$6,000,000.00","G",1,0,0
"6","Aleksej Pokusevski",1090,-6.32078390453209,-2.84742672843295,-9.16821063296505,"$2,964,840.00","F",0,1,0
"7","Alex Caruso",1337,-1.8505670549708,3.89945079095723,2.04888373598643,"$2,750,000.00","G/F",1,1,0
"8","Alex Len",1021,-2.73103575620083,0.736553129510347,-1.99448262669049,"$3,970,648.00","C",0,0,1
"9","Andre Drummond",1347,-1.85165487748701,2.35223078081553,0.500575903328518,"$28,751,774.00","C",0,0,1
"10","Andre Iguodala",1410,-2.25361448475595,1.06472652245646,-1.18888796229949,"$15,000,000.00","G/F",1,1,0
"11","Andrew Wiggins",2364,-1.07432093697549,0.504489526068351,-0.569831410907135,"$29,542,010.00","F",0,1,0
"12","Anfernee Simons",1211,0.723497430187903,-3.82265067894773,-3.09915324875983,"$2,252,040.00","G",1,0,0
"13","Anthony Davis",1306,0.98673252782836,2.72406372888328,3.71079625671163,"$32,742,000.00","F/C",0,1,1
"14","Anthony Edwards",2314,-0.527943280899395,-2.79255206854313,-3.32049534944252,"$9,757,440.00","G/F",1,1,0
"15","Armoni Brooks",520,-1.08599052518492,-2.84847508949957,-3.93446561468449,"$135,362.00","G",1,0,0
"16","Aron Baynes",980,-5.02078982317801,0.675388710894352,-4.34540111228366,"$7,000,000.00","C",0,0,1
"17","Austin Rivers",1150,-1.84027870897782,-1.2730755561051,-3.11335426508292,"$3,929,049.00","G",1,0,0
"18","Avery Bradley",602,-3.62154409719197,-2.00591397664918,-5.62745807384115,"$5,635,000.00","G",1,0,0
"19","Bam Adebayo",2279,0.11446348917502,1.7745965880085,1.88906007718352,"$5,115,492.00","C",0,0,1
"20","Ben McLemore",941,-1.36752834698117,-2.38696019735303,-3.7544885443342,"$2,893,630.00","G/F",1,1,0
"21","Ben Simmons",2279,0.694046220725133,1.84349298884918,2.53753920957431,"$30,559,200.00","G/F",1,1,0
"22","Bismack Biyombo",1349,-5.59655819261749,0.852722697786617,-4.74383549483087,"$3,500,000.00","C",0,0,1
"23","Blake Griffin",1504,0.383628257007743,1.91790233322854,2.30153059023628,"$33,900,241.00","F/C",0,1,1
"24","Bobby Portis",1738,1.54491878508751,1.17791949580841,2.72283828089592,"$3,623,000.00","F/C",0,1,1
"25","Bogdan Bogdanovic",1903,2.51744826701494,1.45713727646145,3.97458554347639,"$18,000,000.00","G",1,0,0
"26","Bojan Bogdanovic",2606,0.150611210385374,-1.41991184714178,-1.26930063675641,"$17,850,000.00","F",0,1,0
"27","Brad Wanamaker",1053,-2.89265194157119,-0.710310801309108,-3.6029627428803,"$2,250,000.00","G",1,0,0
"28","Bradley Beal",2342,5.24568845838356,-1.90597603205706,3.3397124263265,"$28,751,774.00","G",1,0,0
"29","Brandon Clarke",1424,-1.31248086827978,1.65526417871801,0.342783310438227,"$2,602,920.00","F",0,1,0
"30","Brandon Goodwin",620,-2.65207892562574,-1.74490852364313,-4.39698744926887,"$1,701,593.00","G",1,0,0
"31","Brandon Ingram",2093,3.33326268509727,-2.03405319921398,1.2992094858833,"$27,285,000.00","F",0,1,0
"32","Brook Lopez",2569,-0.847255888646646,2.3131438489592,1.46588796031255,"$12,697,675.00","C",0,0,1
"33","Bruce Brown",1728,0.581524093149552,0.373995816523611,0.955519909673162,"$1,663,861.00","G",1,0,0
"34","Bryn Forbes",1627,0.536353215426047,-4.05613773022737,-3.51978451480133,"$2,337,145.00","G",1,0,0
"35","Buddy Hield",2433,1.91379990583692,-1.49555122510438,0.418248680732535,"$24,931,817.00","G",1,0,0
"36","Caleb Martin",818,-2.6480702449478,1.47596231423096,-1.17210793071684,"$1,517,981.00","G",1,0,0
"37","Cam Reddish",842,-2.29252192795395,0.0580891334488969,-2.23443279450506,"$4,458,000.00","G/F",1,1,0
"38","Cameron Johnson",1880,-0.613042042130739,1.75243064107941,1.13938859894867,"$4,235,160.00","F",0,1,0
"39","Cameron Payne",1497,2.84767611275967,1.30604068424255,4.15371679700222,"$1,977,011.00","G",1,0,0
"40","Caris LeVert",1486,0.385684478879739,-0.507922888008863,-0.122238409129124,"$16,203,704.00","G/F",1,1,0
"41","Carmelo Anthony",1833,0.259202420796828,-2.81291789418713,-2.5537154733903,"$2,564,753.00","F",0,1,0
"42","Cedi Osman",1510,-1.36987447332945,-1.89459036487711,-3.26446483820656,"$8,840,580.00","F",0,1,0
"43","Chasson Randle",837,-4.05627500882583,-3.25181223026575,-7.30808723909158,"$279,927.00","G",1,0,0
"44","Chris Boucher",1453,1.98958364773586,0.0329749104494066,2.02255855818527,"$6,500,000.00","F/C",0,1,1
"45","Chris Paul",2882,4.48202463788765,-1.33818250743958,3.14384213044807,"$41,358,814.00","G",1,0,0
"46","Christian Wood",1326,-0.119311632612519,2.56725066793968,2.44793903532716,"$13,015,874.00","F/C",0,1,1
"47","Chuma Okeke",1133,-1.47725516188472,1.72055323934163,0.243298077456903,"$3,121,080.00","F",0,1,0
"48","CJ McCollum",1840,3.72574095507302,0.0038836659988344,3.72962462107185,"$29,354,152.00","G",1,0,0
"49","Clint Capela",2467,0.811886759033555,5.20606645284248,6.01795321187603,"$18,000,000.00","C",0,0,1
"50","Coby White",2156,-1.41766344151043,-1.11312376054041,-2.53078720205084,"$5,572,680.00","G",1,0,0
"51","Cody Martin",849,-1.97042170381139,1.83969960242538,-0.130722101386009,"$1,517,981.00","G",1,0,0
"52","Cody Zeller",1005,-0.135061385577747,1.17911709311401,1.04405570753626,"$15,415,730.00","C",0,0,1
"53","Cole Anthony",1273,-2.11585779806735,-3.02327883991622,-5.13913663798358,"$3,285,120.00","G",1,0,0
"54","Collin Sexton",2115,0.403231460736977,-2.8851468027105,-2.48191534197353,"$4,991,880.00","G",1,0,0
"55","Cory Joseph",1446,-1.01415277421591,0.372871806554529,-0.641280967661384,"$12,600,000.00","G",1,0,0
"56","D.J. Augustin",1129,0.647980179672052,-2.49907365744151,-1.85109347776946,"$6,666,667.00","G",1,0,0
"57","D'Angelo Russell",1196,1.93990207126066,-3.17959305977009,-1.23969098850943,"$28,649,250.00","G",1,0,0
"58","Damian Jones",547,-3.4580688894584,-1.9529225134266,-5.410991402885,"$1,487,284.00","C",0,0,1
"59","Damian Lillard",2646,8.29766995853728,-2.21405666391964,6.08361329461764,"$31,626,953.00","G",1,0,0
"60","Damion Lee",1079,0.0809102733465468,1.04209653540681,1.12300680875336,"$1,762,796.00","G",1,0,0
"61","Damyean Dotson",907,-3.20876827457826,-2.37066618488618,-5.57943445946443,"$2,000,000.00","G/F",1,1,0
"62","Daniel Gafford",908,1.80889022561014,2.04281824280727,3.85170846841741,"$1,517,981.00","C",0,0,1
"63","Daniel Theis",1601,-1.42092644140775,1.65407875020295,0.233152308795206,"$5,000,000.00","C",0,0,1
"64","Danilo Gallinari",1664,1.20104545275098,-0.917522919335749,0.283522533415229,"$19,500,000.00","F",0,1,0
"65","Danny Green",2133,0.829923247494039,2.10279481562905,2.93271806312309,"$15,365,853.00","G/F",1,1,0
"66","Danuel House Jr.",932,-3.47471222562375,-2.09187139748767,-5.56658362311141,"$3,717,000.00","F",0,1,0
"67","Dario Saric",1018,-0.728040745696477,1.20873980203889,0.480699056342408,"$9,250,000.00","C",0,0,1
"68","Darius Bazley",1714,-4.57745286853942,-0.645378526600538,-5.22283139513996,"$2,399,160.00","F",0,1,0
"69","Darius Garland",1790,0.154309986727435,-1.49123040710331,-1.33692042037587,"$6,720,720.00","G",1,0,0
"70","David Nwaba",679,-0.372735011921541,3.55337676706336,3.18064175514182,"$1,824,003.00","F",0,1,0
"71","Davis Bertans",1570,1.90519380094268,-0.930612573067572,0.974581227875106,"$15,000,000.00","F",0,1,0
"72","De'Aaron Fox",2036,3.17020746035899,-2.66592369519074,0.504283765168247,"$8,099,627.00","G",1,0,0
"73","De'Andre Hunter",830,-0.705454439220074,3.86699797332644,3.16154353410636,"$7,422,000.00","F",0,1,0
"74","De'Anthony Melton",1128,0.18696577304577,2.10230118547022,2.28926695851599,"$9,571,712.00","G/F",1,1,0
"75","Dean Wade",1212,-1.86883423928354,-0.418749576369198,-2.28758381565273,"$1,517,981.00","F",0,1,0
"76","Deandre Ayton",2916,-0.0912519387008854,1.72222554525936,1.63097360655848,"$10,018,200.00","C",0,0,1
"77","DeAndre Jordan",1246,-3.04449279250713,-0.698252695607547,-3.74274548811467,"$10,375,678.00","C",0,0,1
"78","DeAndre' Bembry",972,-2.27235528028864,0.764584654206115,-1.50777062608252,"$1,737,145.00","F",0,1,0
"79","Dejounte Murray",2139,0.73390220710255,0.327852725697345,1.06175493279989,"$14,286,000.00","G",1,0,0
"80","Delon Wright",1748,0.915739760458979,1.70784589446429,2.62358565492327,"$9,000,000.00","G",1,0,0
"81","DeMar DeRozan",2056,3.56390518008884,-2.93468051531915,0.629224664769699,"$27,739,975.00","G/F",1,1,0
"82","DeMarcus Cousins",771,-1.21987810695819,2.79162923067223,1.57175112371403,"$3,051,832.00","C",0,0,1
"83","Deni Avdija",1257,-2.43021859283466,0.628639555754848,-1.80157903707982,"$4,469,160.00","F",0,1,0
"84","Dennis Schroder",2152,-0.260188739674637,0.0382508903038372,-0.221937849370799,"$15,500,000.00","G",1,0,0
"85","Denzel Valentine",1036,-1.61422616115474,-0.160624204742685,-1.77485036589743,"$4,642,800.00","F",0,1,0
"86","Derrick Favors",1184,-0.662440888619086,1.08926479303213,0.426823904413039,"$9,258,000.00","C",0,0,1
"87","Derrick Jones Jr.",1328,-1.77686481512307,1.32379889110189,-0.453065924021182,"$9,258,000.00","F",0,1,0
"88","Derrick Rose",1454,1.80568209141403,1.47857533110316,3.28425742251718,"$7,682,926.00","G",1,0,0
"89","Derrick White",1064,1.40856186291021,3.2116607964171,4.62022265932731,"$3,516,284.00","G",1,0,0
"90","Desmond Bane",1618,0.21339738146543,-1.52638920021476,-1.31299181874933,"$1,936,440.00","G",1,0,0
"91","Devin Booker",3159,3.2334774341647,-0.48856225796061,2.74491517620409,"$29,467,800.00","G",1,0,0
"92","Devin Vassell",1056,-1.14940505850856,-0.655871945342624,-1.80527700385119,"$4,033,440.00","G/F",1,1,0
"93","Devonte Graham",1659,1.84188425057241,0.555023408755946,2.39690765932836,"$1,663,861.00","G",1,0,0
"94","Dillon Brooks",2172,0.25882190199324,0.581838020157262,0.840659922150502,"$11,400,000.00","G/F",1,1,0
"95","Domantas Sabonis",2231,-0.095118206584361,0.384046883005625,0.288928676421264,"$19,800,000.00","F/C",0,1,1
"96","Donovan Mitchell",2117,5.71451761222564,-1.87307400850508,3.84144360372056,"$5,195,501.00","G",1,0,0
"97","Donte DiVincenzo",1884,0.383936144437543,0.415062746346399,0.798998890783942,"$3,044,160.00","G",1,0,0
"98","Dorian Finney-Smith",2192,0.841514788033627,0.974124345597938,1.81563913363156,"$4,000,000.00","F",0,1,0
"99","Doug McDermott",1619,0.53465379121144,-3.59239709488651,-3.05774330367507,"$7,333,333.00","F",0,1,0
"100","Draymond Green",1982,1.01835309701355,3.54922362571976,4.56757672273331,"$22,246,956.00","F/C",0,1,1
"101","Drew Eubanks",755,-2.35672915680674,1.97473125379578,-0.381997903010961,"$1,620,564.00","C",0,0,1
"102","Duncan Robinson",2362,0.407049054423658,-0.241185479299935,0.165863575123723,"$1,663,861.00","G",1,0,0
"103","Dwayne Bacon",1853,-2.88651611583019,-1.74327645070207,-4.62979256653226,"$1,678,854.00","F",0,1,0
"104","Dwight Howard",1345,-2.17511274614822,0.0263824423345364,-2.14873030381368,"$2,564,753.00","C",0,0,1
"105","Dwight Powell",1018,-0.0746217117089449,2.12875850120268,2.05413678949374,"$11,080,125.00","C",0,0,1
"106","Dylan Windler",513,-1.34514709406139,-0.42555070117673,-1.77069779523812,"$2,137,440.00","G/F",1,1,0
"107","Edmond Sumner",861,-1.1222310077021,-1.75940087266067,-2.88163188036277,"$2,160,000.00","G",1,0,0
"108","Elfrid Payton",1497,-1.97481192729163,-1.28491294088159,-3.25972486817322,"$4,767,000.00","G",1,0,0
"109","Enes Kanter",1814,2.48541111972513,-2.79871303254276,-0.313301912817635,"$5,005,350.00","C",0,0,1
"110","Eric Bledsoe",2111,-0.428698331136646,-1.79519079039915,-2.22388912153579,"$16,875,000.00","G",1,0,0
"111","Eric Gordon",789,0.411687970889425,-3.93884501129931,-3.52715704040989,"$16,869,267.00","G/F",1,1,0
"112","Eric Paschall",695,-3.03476139781587,-1.54893755121947,-4.58369894903534,"$1,517,981.00","F",0,1,0
"113","Evan Fournier",1426,1.75924302495362,-1.70429362202507,0.0549494029285517,"$17,150,000.00","G/F",1,1,0
"114","Facundo Campazzo",1695,-0.594871878449439,2.80796025408586,2.21308837563642,"$3,200,000.00","G",1,0,0
"115","Frank Jackson",738,-0.0090507485990142,-1.02267030998352,-1.03172105858253,"$699,115.00","G",1,0,0
"116","Frank Kaminsky",783,-0.758535115763974,-0.602594103670901,-1.36112921943488,"$1,737,145.00","C",0,0,1
"117","Fred VanVleet",1899,2.62262505392166,2.28094968305775,4.90357473697941,"$21,250,000.00","G",1,0,0
"118","Furkan Korkmaz",1257,0.677597936123682,1.49211636022069,2.16971429634438,"$1,762,796.00","G",1,0,0
"119","Gabe Vincent",669,-1.72650671516759,-0.400354736292285,-2.12686145145987,"$660,750.00","G",1,0,0
"120","Garrett Temple",1528,-1.61525023109677,1.85968018966499,0.244429958568226,"$4,767,000.00","G/F",1,1,0
"121","Garrison Mathews",1055,0.170470619159232,0.776123859487689,0.946594478646921,"$688,052.00","G",1,0,0
"122","Gary Clark",654,-3.14969392467719,-2.02271439701709,-5.17240832169427,"$2,018,458.00","G",1,0,0
"123","Gary Harris",1080,-2.04854676049558,-0.672598870728726,-2.72114563122431,"$19,610,714.00","G",1,0,0
"124","Gary Trent Jr.",1802,-0.191084559656115,-2.60097194111663,-2.79205650077275,"$1,663,861.00","G",1,0,0
"125","George Hill",877,-0.304346448622261,2.24526592917214,1.94091948054988,"$9,590,602.00","G",1,0,0
"126","Georges Niang",1283,0.0861846284268546,0.551682356969444,0.637866985396299,"$1,783,557.00","F/C",0,1,1
"127","Giannis Antetokounmpo",2813,4.24637430332853,2.34187392072381,6.58824822405234,"$27,528,088.00","F",0,1,0
"128","Goga Bitadze",561,-0.407171452075365,-0.391616012032644,-0.798787464108009,"$2,957,520.00","C",0,0,1
"129","Goran Dragic",1454,-0.386030850934548,-1.06881445705334,-1.45484530798788,"$18,000,000.00","G",1,0,0
"130","Gordon Hayward",1496,1.01068797966309,-0.380953820790635,0.629734158872453,"$28,500,000.00","F",0,1,0
"131","Gorgui Dieng",552,0.944078600691453,-1.07050686028824,-0.126428259596791,"$17,587,688.00","C",0,0,1
"132","Grant Williams",1195,-2.94863327431157,0.147463133407275,-2.80117014090429,"$2,498,760.00","F/C",0,1,1
"133","Grayson Allen",1375,-0.131557188908471,-0.0227420289508169,-0.154299217859287,"$2,545,320.00","G",1,0,0
"134","Hamidou Diallo",1226,-0.963260576991323,0.0856493642702012,-0.877611212721122,"$1,663,861.00","F",0,1,0
"135","Harrison Barnes",2102,1.29021235881592,-0.134301328012903,1.15591103080302,"$22,215,909.00","F",0,1,0
"136","Hassan Whiteside",546,-4.71824841658273,0.820655480241288,-3.89759293634144,"$2,320,044.00","C",0,0,1
"137","Immanuel Quickley",1320,2.16143953797961,-1.70450915055859,0.456930387421019,"$2,105,520.00","G",1,0,0
"138","Isaac Okoro",2173,-2.85150426415351,-1.34937332700396,-4.20087759115748,"$6,400,920.00","G/F",1,1,0
"139","Isaiah Hartenstein",559,-2.54173312765098,3.64425088619519,1.10251775854421,"$1,620,564.00","C",0,0,1
"140","Isaiah Roby",1425,-3.85557832128163,-1.15589082874473,-5.01146915002636,"$1,517,981.00","C",0,0,1
"141","Isaiah Stewart",1455,-1.6405652234869,3.05685332725048,1.41628810376358,"$3,121,080.00","C",0,0,1
"142","Ish Smith",1035,-0.5867465423344,0.935136014153072,0.348389471818672,"$6,000,000.00","G",1,0,0
"143","Ivica Zubac",1910,-0.909039097684093,2.5257352259818,1.6166961282977,"$7,000,000.00","C",0,0,1
"144","Ja Morant",2256,1.99793266046172,-3.92400884746042,-1.9260761869987,"$9,166,800.00","G",1,0,0
"145","Jaden McDaniels",1511,-1.84223026662783,-0.783926331979555,-2.62615659860738,"$1,964,760.00","F",0,1,0
"146","Jae Crowder",2377,0.455957565384762,2.9896017302971,3.44555929568187,"$9,258,000.00","F",0,1,0
"147","Jae'Sean Tate",2043,-0.401569398725551,1.17743665621662,0.775867257491072,"$1,445,697.00","F",0,1,0
"148","Jake Layman",627,-4.00689292983465,0.767621474262361,-3.23927145557229,"$3,761,085.00","F",0,1,0
"149","Jakob Poeltl",1845,-0.546913831897329,5.08152547557995,4.53461164368262,"$8,101,852.00","C",0,0,1
"150","Jalen Brunson",1811,1.45727438578759,-0.0976542984515882,1.359620087336,"$1,663,861.00","G",1,0,0
"151","Jalen McDaniels",904,-2.55100769516935,-1.74621819315055,-4.2972258883199,"$1,517,981.00","F",0,1,0
"152","Jamal Murray",1704,2.95762508716986,0.52083661090327,3.47846169807313,"$27,285,000.00","G",1,0,0
"153","James Ennis III",986,-0.0477283678830807,0.303538814248296,0.255810446365215,"$3,300,000.00","F",0,1,0
"154","James Harden",1931,7.18704672861424,-1.55280498376511,5.63424174484913,"$41,254,920.00","G",1,0,0
"155","James Johnson",1043,-3.33045017575774,-0.808004884071068,-4.13845505982881,"$16,047,100.00","F",0,1,0
"156","James Wiseman",836,-6.83615027817954,-1.66981604403149,-8.50596632221103,"$8,730,240.00","C",0,0,1
"157","JaMychal Green",1310,0.192509586526467,-0.765627595358557,-0.573118008832091,"$7,199,760.00","F/C",0,1,1
"158","Jarred Vanderbilt",1139,-0.919366499576441,2.89659444276807,1.97722794319163,"$1,663,861.00","F",0,1,0
"159","Jarrett Allen",1864,-0.688407236642117,1.69461319471175,1.00620595806963,"$3,909,902.00","C",0,0,1
"160","JaVale McGee",712,-2.3909724311242,1.75620534170032,-0.634767089423877,"$4,200,000.00","C",0,0,1
"161","Jaxson Hayes",964,-1.56935696229194,1.14567554777414,-0.423681414517801,"$5,105,160.00","C",0,0,1
"162","Jaylen Brown",1999,1.86529584255973,-0.0129013264138238,1.85239451614591,"$25,035,118.00","G/F",1,1,0
"163","Jaylen Nowell",759,-0.887151045707391,-2.2385013938332,-3.12565243954059,"$1,517,981.00","G",1,0,0
"164","Jayson Tatum",2475,4.16568344766585,-1.3869759630394,2.77870748462645,"$9,897,120.00","F",0,1,0
"165","Jeff Green",1983,-0.703657662577642,-0.453430244632462,-1.1570879072101,"$2,564,753.00","F",0,1,0
"166","Jeff Teague",1069,-1.13321794017106,-1.38814378144348,-2.52136172161454,"$3,372,826.00","G",1,0,0
"167","Jerami Grant",1829,1.07080228422161,-0.437504294332394,0.633297989889216,"$19,050,000.00","F",0,1,0
"168","Jeremy Lamb",765,2.73300738728922,-0.33610453794585,2.39690284934337,"$10,500,000.00","F",0,1,0
"169","Jevon Carter",739,0.0778571142310877,-0.784025350478071,-0.706168236246983,"$3,925,000.00","G",1,0,0
"170","Jimmy Butler",1899,3.80510150683153,2.28581628350997,6.0909177903415,"$34,379,100.00","G/F",1,1,0
"171","JJ Redick",723,-0.213681817750659,-1.70020755453174,-1.9138893722824,"$13,013,700.00","G",1,0,0
"172","Joe Harris",2575,1.45121534880328,0.0983568729830099,1.54957222178629,"$16,071,429.00","G/F",1,1,0
"173","Joe Ingles",2173,2.03217379092158,0.476916312060862,2.50909010298244,"$10,363,637.00","G/F",1,1,0
"174","Joel Embiid",1942,3.77289776663758,4.58604769728844,8.35894546392602,"$29,542,010.00","C",0,0,1
"175","John Collins",2424,1.83696195652518,0.866944773677173,2.70390673020235,"$4,137,302.00","F/C",0,1,1
"176","John Konchar",578,1.14953317848111,1.17628166666597,2.32581484514708,"$2,100,000.00","F",0,1,0
"177","John Wall",1288,-1.02369337732219,-1.29006495457744,-2.31375833189963,"$41,254,920.00","G",1,0,0
"178","Jonas Valanciunas",1921,1.9957222521423,0.603947379167838,2.59966963131014,"$15,000,000.00","C",0,0,1
"179","Jordan Clarkson",2116,3.31688317777674,-1.25692172248768,2.05996145528906,"$11,500,000.00","G",1,0,0
"180","Jordan McLaughlin",938,-1.79630234934667,0.0969226116634808,-1.69937973768319,"$503,760.00","G",1,0,0
"181","Jordan Poole",988,0.447900817188961,-3.0061261024246,-2.55822528523564,"$2,063,280.00","G",1,0,0
"182","Josh Hart",1349,-0.338167689120707,1.12802015590675,0.789852466786045,"$3,491,159.00","G",1,0,0
"183","Josh Jackson",1560,-1.50269014322341,1.36939048726236,-0.133299655961056,"$4,767,000.00","F",0,1,0
"184","Josh Okogie",1197,-2.32144703858742,1.74832560039927,-0.573121438188152,"$2,651,040.00","G",1,0,0
"185","Josh Richardson",1884,-1.1303838598707,-0.931770757860378,-2.06215461773107,"$10,865,952.00","G",1,0,0
"186","Jrue Holiday",2819,3.07613482834832,1.25457385988473,4.33070868823305,"$27,026,011.00","G",1,0,0
"187","Juan Toscano-Anderson",1107,-1.52910674430382,2.18670918721304,0.657602442909222,"$943,963.00","F",0,1,0
"188","Juancho Hernangomez",900,-0.62500079849978,-2.56818783726621,-3.19318863576599,"$6,493,000.00","F/C",0,1,1
"189","Julius Randle",2847,0.43805243029402,2.08801395869399,2.52606638898801,"$19,845,000.00","F",0,1,0
"190","Justin Holiday",2183,-0.419143657166346,0.958502397444331,0.539358740277985,"$5,720,400.00","G/F",1,1,0
"191","Justin Jackson",592,-2.74367257642816,-1.18214568657648,-3.92581826300464,"$5,109,637.00","F",0,1,0
"192","Justise Winslow",510,-6.79107993291862,2.11994813070173,-4.67113180221689,"$13,000,000.00","G/F",1,1,0
"193","Jusuf Nurkic",1053,-0.841002068179686,4.21377040044675,3.37276833226707,"$12,888,889.00","C",0,0,1
"194","Karl-Anthony Towns",1689,3.56433399589127,-0.200147548057737,3.36418644783353,"$29,467,800.00","C",0,0,1
"195","Kawhi Leonard",2205,6.33426903688395,1.47773154234732,7.81200057923126,"$34,379,100.00","F",0,1,0
"196","Keldon Johnson",1968,-0.66338367882922,-2.02959496231752,-2.69297864114674,"$2,048,040.00","F",0,1,0
"197","Kelly Olynyk",1997,0.538932032323766,-0.697942783213887,-0.159010750890121,"$12,819,650.00","F/C",0,1,1
"198","Kelly Oubre Jr.",1687,-3.78903093554435,1.1237448034073,-2.66528613213705,"$14,375,000.00","G/F",1,1,0
"199","Kemba Walker",1460,2.83725644628572,0.226864721399023,3.06412116768474,"$34,379,100.00","G",1,0,0
"200","Kendrick Nunn",1743,0.436495045196394,-1.25080849857449,-0.814313453378093,"$1,663,861.00","G",1,0,0
"201","Kenrich Williams",1426,0.876233793597844,0.222229853779729,1.09846364737757,"$2,000,000.00","F",0,1,0
"202","Kent Bazemore",1333,-1.97321201613133,2.67441256325644,0.701200547125105,"$2,320,044.00","G/F",1,1,0
"203","Kentavious Caldwell-Pope",2048,-0.220133960305708,0.297904080029385,0.077770119723677,"$12,073,020.00","G/F",1,1,0
"204","Kenyon Martin Jr.",1068,-1.09477404158261,-2.21766382207086,-3.31243786365347,"$898,310.00","F",0,1,0
"205","Kevin Durant",1642,4.64852402662455,0.347516791132626,4.99604081775717,"$40,108,950.00","F",0,1,0
"206","Kevin Huerter",2684,-0.110723418647443,-0.0122685664750887,-0.122991985122531,"$2,761,920.00","G",1,0,0
"207","Kevin Love",622,-0.534857821649808,-2.39143814001902,-2.92629596166883,"$31,258,256.00","F/C",0,1,1
"208","Kevin Porter Jr.",835,-0.460499393882087,-3.73443756880023,-4.19493696268232,"$1,717,981.00","G",1,0,0
"209","Kevon Looney",1161,-0.811845892247918,1.7464903964198,0.934644504171883,"$4,821,429.00","C",0,0,1
"210","Khem Birch",1529,-1.60300778844838,1.87886382451484,0.275856036066462,"$3,011,499.00","C",0,0,1
"211","Khris Middleton",3191,2.21199418492779,-0.0144772435497082,2.19751694137809,"$33,051,724.00","G/F",1,1,0
"212","Killian Hayes",670,-6.56897179557457,-1.61823757208517,-8.18720936765975,"$5,307,120.00","G",1,0,0
"213","Kira Lewis Jr.",904,-0.827465978690157,-0.996961049240587,-1.82442702793074,"$3,640,200.00","G",1,0,0
"214","Kristaps Porzingis",1560,1.32412915802949,-1.50605795240419,-0.181928794374696,"$29,467,800.00","F/C",0,1,1
"215","Kyle Anderson",2029,0.566684871094943,2.46518383326641,3.03186870436135,"$9,505,100.00","F",0,1,0
"216","Kyle Kuzma",2083,-3.18652593451466,0.103152479062609,-3.08337345545205,"$3,562,178.00","F",0,1,0
"217","Kyle Lowry",1601,2.27612380326339,-1.06673549513883,1.20938830812456,"$30,500,000.00","G",1,0,0
"218","Kyrie Irving",2211,5.77453861884151,-2.31106459578802,3.46347402305349,"$33,722,850.00","G",1,0,0
"219","LaMarcus Aldridge",674,-2.41364444884318,-0.847885546700499,-3.26152999554368,"$17,628,340.00","C",0,0,1
"220","LaMelo Ball",1469,1.1506546059116,-0.885744851177305,0.264909754734292,"$7,839,960.00","G",1,0,0
"221","Landry Shamet",1609,-0.657063420999895,-0.40735729043106,-1.06442071143095,"$2,090,040.00","G/F",1,1,0
"222","Larry Nance Jr.",1091,-2.38258944940159,2.90152330970966,0.518933860308067,"$11,709,091.00","F/C",0,1,1
"223","Lauri Markkanen",1317,-0.518261711494532,-0.912788694818885,-1.43105040631342,"$6,731,508.00","F/C",0,1,1
"224","LeBron James",1728,5.87870769875962,0.638155440880721,6.51686313964034,"$39,219,566.00","G/F",1,1,0
"225","Lonnie Walker IV",1522,-1.85989707446355,-3.86824021229769,-5.72813728676124,"$2,895,720.00","G/F",1,1,0
"226","Lonzo Ball",1747,1.41708589669744,0.3991991844377,1.81628508113514,"$11,003,782.00","G",1,0,0
"227","Lou Williams",1700,0.310183995681065,-3.09743596296537,-2.78725196728431,"$8,000,000.00","G",1,0,0
"228","Luguentz Dort",1543,-1.79487122502735,3.86146639873437,2.06659517370703,"$1,517,981.00","G/F",1,1,0
"229","Luka Doncic",2543,6.64165405276573,-0.789069940314123,5.85258411245161,"$8,049,360.00","G/F",1,1,0
"230","Luke Kennard",1451,0.568049390399205,-3.70565520077831,-3.13760581037911,"$5,273,826.00","G",1,0,0
"231","Malachi Flynn",928,-1.4504628503712,0.608891955811304,-0.841570894559899,"$1,950,600.00","G",1,0,0
"232","Malcolm Brogdon",1930,1.52699550980795,-1.30131917676237,0.225676333045585,"$20,700,000.00","G",1,0,0
"233","Malik Beasley",1214,0.709071228517289,-2.41275739510251,-1.70368616658522,"$13,425,895.00","G",1,0,0
"234","Malik Monk",878,0.639344734935107,-1.82720992874707,-1.18786519381196,"$5,345,687.00","G",1,0,0
"235","Marc Gasol",1080,-1.52691771074884,3.31466275863183,1.787745047883,"$2,564,753.00","C",0,0,1
"236","Marcus Morris Sr.",2106,0.0833736073434305,-0.21454858479343,-0.131174977449999,"$14,883,721.00","F",0,1,0
"237","Marcus Smart",1764,1.03481997791937,-0.143223114818357,0.891596863101019,"$12,946,428.00","G",1,0,0
"238","Markieff Morris",1238,-2.83445548896204,-0.210857140630398,-3.04531262959244,"$2,331,593.00","F/C",0,1,1
"239","Marvin Bagley III",1112,-2.00663905315534,-0.546479504908978,-2.55311855806432,"$8,963,640.00","F/C",0,1,1
"240","Mason Plumlee",1499,-0.293474715257045,-1.20513520344935,-1.4986099187064,"$8,000,000.00","C",0,0,1
"241","Matisse Thybulle",1518,-2.24402418066299,5.02114510847315,2.77712092781016,"$2,711,280.00","G/F",1,1,0
"242","Maurice Harkless",772,-2.86373964124388,-0.968873036438373,-3.83261267768225,"$3,623,000.00","F",0,1,0
"243","Max Strus",513,1.26571182911395,-1.56020921354599,-0.29449738443204,"$647,098.00","G",1,0,0
"244","Maxi Kleber",1528,-1.46408310384675,1.03838593115794,-0.425697172688807,"$8,475,000.00","F/C",0,1,1
"245","Michael Carter-Williams",800,-4.28225445324289,3.34920443464282,-0.933050018600071,"$3,300,000.00","G",1,0,0
"246","Michael Porter Jr.",2244,2.7311768439737,-0.449354674896648,2.28182216907705,"$3,550,800.00","F",0,1,0
"247","Mikal Bridges",3055,1.47958963230163,1.36812947938179,2.84771911168342,"$4,359,000.00","F",0,1,0
"248","Mike Conley",1674,4.18315267124886,2.90961063112873,7.0927633023776,"$34,502,132.00","G",1,0,0
"249","Mike Muscala",645,-0.0361774250178397,2.06595554330057,2.02977811828273,"$2,283,034.00","C",0,0,1
"250","Mike Scott",886,-2.55313260531456,-0.0985466283881959,-2.65167923370275,"$5,005,350.00","C",0,0,1
"251","Miles Bridges",1932,0.0878957349358237,0.216716470874123,0.304612205809946,"$3,934,320.00","F",0,1,0
"252","Mitchell Robinson",853,-2.07735645694673,2.04803353731434,-0.0293229196323912,"$1,663,861.00","C",0,0,1
"253","Miye Oni",560,-2.11718295411025,-0.264354045730424,-2.38153699984068,"$1,517,981.00","G",1,0,0
"254","Mo Bamba",725,-1.68583059074958,-1.62921199584584,-3.31504258659542,"$5,969,040.00","C",0,0,1
"255","Monte Morris",1482,0.964127235556503,-1.19961772044838,-0.235490484891872,"$1,723,707.00","G",1,0,0
"256","Montrezl Harrell",1619,1.35616457293247,1.95793531088087,3.31409988381335,"$9,258,000.00","C",0,0,1
"257","Moritz Wagner",722,-3.10612787054966,1.82633779866333,-1.27979007188633,"$2,383,915.00","C",0,0,1
"258","Moses Brown",920,-2.3183839109352,0.118428382092136,-2.19995552884306,"$1,250,000.00","C",0,0,1
"259","Mychal Mulder",766,-0.811752036127778,-1.38991384708666,-2.20166588321443,"$1,517,981.00","G",1,0,0
"260","Myles Turner",1455,-2.27343901992775,4.71897086870611,2.44553184877836,"$18,000,000.00","C",0,0,1
"261","Naji Marshall",700,-1.02136365853653,0.364570924882588,-0.656792733653944,"$538,391.00","C",0,0,1
"262","Nassir Little",649,-0.867257645611183,-3.71280695543239,-4.58006460104358,"$2,210,640.00","F",0,1,0
"263","Naz Reid",1347,-1.42834733165483,0.883142510534197,-0.545204821120632,"$1,517,981.00","C",0,0,1
"264","Nemanja Bjelica",625,-0.52181373244174,-3.06217932482916,-3.5839930572709,"$7,150,000.00","F/C",0,1,1
"265","Nerlens Noel",1639,-2.70088548796924,2.74392084520101,0.0430353572317658,"$5,000,000.00","C",0,0,1
"266","Nickeil Alexander-Walker",1007,-1.33079654209629,0.688616007167692,-0.642180534928595,"$3,113,160.00","G",1,0,0
"267","Nicolas Batum",2390,1.01901789081909,2.36243537382668,3.38145326464577,"$11,608,231.00","F/C",0,1,1
"268","Nicolas Claxton",724,-2.05255397289436,7.08187120811113,5.02931723521677,"$1,517,981.00","C",0,0,1
"269","Nicolo Melli",585,-1.76430362284433,-0.170651338394181,-1.93495496123851,"$3,897,436.00","F/C",0,1,1
"270","Nikola Jokic",2833,8.59796770192476,0.651521234227334,9.24948893615209,"$29,542,010.00","C",0,0,1
"271","Nikola Vucevic",2348,0.85382750775089,0.769536641436724,1.62336414918761,"$26,000,000.00","C",0,0,1
"272","Norman Powell",2421,1.03605416317544,-0.849140356533829,0.186913806641608,"$10,865,952.00","G/F",1,1,0
"273","Obi Toppin",748,-1.85487299502166,0.49942335189401,-1.35544964312765,"$4,862,040.00","F",0,1,0
"274","OG Anunoby",1433,0.182612394588393,2.28314027987299,2.46575267446138,"$3,872,215.00","F",0,1,0
"275","Onyeka Okongwu",767,-1.78827514712557,0.66237796807403,-1.12589717905154,"$5,813,640.00","C",0,0,1
"276","Oshae Brissett",519,1.55339703522552,-0.248306317305792,1.30509071791973,"$1,255,493.00","F",0,1,0
"277","Otto Porter Jr.",606,-0.554937376766742,-0.940417586081408,-1.49535496284815,"$28,489,239.00","F",0,1,0
"278","P.J. Tucker",2037,-3.26027452740397,0.5344718831981,-2.72580264420587,"$7,969,537.00","F/C",0,1,1
"279","P.J. Washington",1954,-2.24393580371413,0.546848183075582,-1.69708762063854,"$4,023,600.00","F/C",0,1,1
"280","Pascal Siakam",2006,1.17076758154333,-0.75002474830585,0.420742833237484,"$30,559,200.00","F",0,1,0
"281","Pat Connaughton",2121,0.211111972606022,1.57128016479342,1.78239213739944,"$4,938,273.00","G/F",1,1,0
"282","Patrick Beverley",1155,-0.312811578432192,0.270331292462776,-0.042480285969416,"$13,333,333.00","G",1,0,0
"283","Patrick Patterson",582,-1.10788358884566,-0.869426178055773,-1.97730976690143,"$3,814,771.00","F",0,1,0
"284","Patrick Williams",1983,-3.39214407866046,-0.326301494181313,-3.71844557284177,"$7,068,360.00","F",0,1,0
"285","Patty Mills",1685,-0.376312085720106,-0.232388821521143,-0.608700907241249,"$13,535,714.00","G",1,0,0
"286","Paul George",2597,4.5624038187497,1.97614654210994,6.53855036085965,"$35,450,412.00","G/F",1,1,0
"287","Paul Millsap",1271,0.328786903807791,1.71182345918624,2.04061036299403,"$10,100,000.00","F/C",0,1,1
"288","Payton Pritchard",1335,0.158340749890471,-1.53141260952206,-1.37307185963159,"$2,035,800.00","G",1,0,0
"289","PJ Dozier",1088,-1.64901961875206,2.37836350621233,0.729343887460273,"$1,762,796.00","G/F",1,1,0
"290","Precious Achiuwa",749,-4.34759588150102,0.954821074730846,-3.39277480677018,"$2,582,160.00","C",0,0,1
"291","R.J. Hampton",888,-2.20630500952381,-4.53187667538001,-6.73818168490383,"$2,193,480.00","G",1,0,0
"292","Rajon Rondo",990,-1.30195498343415,-2.79449884934312,-4.09645383277728,"$7,500,000.00","G",1,0,0
"293","Raul Neto",1515,-0.195826258237159,2.1404971796266,1.94467092138944,"$1,882,867.00","G",1,0,0
"294","Reggie Bullock",2111,-0.417409453583177,-0.115644900037909,-0.533054353621086,"$4,200,000.00","F",0,1,0
"295","Reggie Jackson",2166,2.73347828371021,-0.875500235894107,1.8579780478161,"$2,331,593.00","G",1,0,0
"296","Richaun Holmes",1782,0.167515070537946,1.9498496335243,2.11736470406225,"$5,005,350.00","C",0,0,1
"297","Ricky Rubio",1772,-1.0043865562743,-0.420522484110541,-1.42490904038484,"$17,000,000.00","G",1,0,0
"298","RJ Barrett",2673,0.292537049131951,-0.332466395917896,-0.0399293467859447,"$8,231,760.00","G/F",1,1,0
"299","Robert Covington",2471,-0.137370160673261,2.62421542329431,2.48684526262105,"$12,138,345.00","F",0,1,0
"300","Robert Williams III",1031,0.828272971921322,0.264095758182381,1.0923687301037,"$2,029,920.00","C",0,0,1
"301","Robin Lopez",1427,-1.36648172067837,0.197146408129825,-1.16933531254854,"$7,300,000.00","C",0,0,1
"302","Rodney Hood",942,-4.11457758543123,-1.21759281640428,-5.33217040183552,"$10,047,450.00","G/F",1,1,0
"303","Royce O'Neale",2645,0.509183288106038,1.32803553435939,1.83721882246542,"$8,500,000.00","F",0,1,0
"304","Rudy Gay",1358,-0.602371950286397,3.32652377859279,2.72415182830639,"$14,500,000.00","F",0,1,0
"305","Rudy Gobert",2563,-0.120712164718414,7.90743912259994,7.78672695788152,"$27,525,281.00","C",0,0,1
"306","Rui Hachimura",1970,-2.47249451815405,-1.01664240775893,-3.48913692591298,"$4,692,840.00","F",0,1,0
"307","Russell Westbrook",2555,0.250929406226752,-2.23678223709906,-1.98585283087231,"$41,358,814.00","G",1,0,0
"308","Saben Lee",781,-1.65477041892921,-2.42021599421358,-4.07498641314279,"$516,836.00","G",1,0,0
"309","Saddiq Bey",1909,-1.34953029200929,-1.93516495113861,-3.2846952431479,"$2,689,920.00","F",0,1,0
"310","Sekou Doumbouya",869,-4.18515171563106,-1.72456271586542,-5.90971443149649,"$3,449,400.00","F",0,1,0
"311","Semi Ojeleye",962,-2.01514683099061,0.411167321226711,-1.6039795097639,"$1,752,950.00","F",0,1,0
"312","Serge Ibaka",973,-0.333471511147343,2.1266433520466,1.79317184089926,"$9,258,000.00","C",0,0,1
"313","Seth Curry",2019,2.36728461985981,-2.11950224473595,0.247782375123856,"$7,834,449.00","G",1,0,0
"314","Shai Gilgeous-Alexander",1180,3.71083242998249,-1.34686094381888,2.36397148616361,"$4,141,320.00","G",1,0,0
"315","Shake Milton",1582,0.0781074035336763,-0.752649507117949,-0.674542103584273,"$1,701,593.00","G",1,0,0
"316","Solomon Hill",1658,-2.71529828313907,-0.364851688107967,-3.08014997124704,"$2,174,318.00","F",0,1,0
"317","Stanley Johnson",1006,-3.21954999501222,-0.944886043235368,-4.16443603824759,"$3,804,150.00","F",0,1,0
"318","Stephen Curry",2152,8.7387010240524,-1.93904989884528,6.79965112520712,"$43,006,362.00","G",1,0,0
"319","Sterling Brown",1229,-1.4104341894048,-0.751143151530902,-2.1615773409357,"$1,678,854.00","G/F",1,1,0
"320","Steven Adams",1605,-0.542296885727032,1.0440209013752,0.501724015648171,"$29,592,695.00","C",0,0,1
"321","Svi Mykhailiuk",1324,-1.7094266847555,-1.31089698419582,-3.02032366895132,"$1,663,861.00","G/F",1,1,0
"322","T.J. McConnell",1796,1.39114770565744,0.930790600376544,2.32193830603398,"$3,500,000.00","G",1,0,0
"323","Taj Gibson",1074,0.0998670986564668,4.44981397460846,4.54968107326493,"$3,283,684.00","C",0,0,1
"324","Talen Horton-Tucker",1352,-1.35719037767038,1.07614894249953,-0.281041435170845,"$1,517,981.00","G/F",1,1,0
"325","Taurean Prince",905,-0.488450664583815,-0.147440345105869,-0.635891009689684,"$12,250,000.00","F",0,1,0
"326","Terance Mann",1641,0.872737960690453,0.381504133570792,1.25424209426124,"$1,517,981.00","G/F",1,1,0
"327","Terence Davis",1074,-0.492496266301017,-1.87537356461692,-2.36786983091794,"$1,517,981.00","G",1,0,0
"328","Terrence Ross",1347,-0.661159769526495,-1.02816983729126,-1.68932960681775,"$13,500,000.00","G/F",1,1,0
"329","Terry Rozier",2383,2.73982378281699,-1.1842217022814,1.55560208053558,"$18,900,000.00","G",1,0,0
"330","Thaddeus Young",1652,3.28511127582729,1.43712823529043,4.72223951111771,"$13,545,000.00","F/C",0,1,1
"331","Thanasis Antetokounmpo",596,-3.17024322279173,2.14975848190371,-1.02048474088801,"$1,701,593.00","F",0,1,0
"332","Theo Maledon",1778,-4.93400357494898,-3.02003877794154,-7.95404235289052,"$2,000,000.00","G",1,0,0
"333","Tim Hardaway Jr.",2247,1.62947913946326,0.156016398360556,1.78549553782382,"$18,975,000.00","G/F",1,1,0
"334","Timothe Luwawu-Cabarrot",1075,-1.55120251444254,-0.840525200862948,-2.39172771530549,"$1,824,003.00","F",0,1,0
"335","Tobias Harris",2452,1.59427994478455,-0.0380027891456102,1.55627715563893,"$34,358,850.00","F",0,1,0
"336","Tomas Satoransky",1307,0.264167301961113,-0.131748230989094,0.132419070972019,"$10,000,000.00","G",1,0,0
"337","Tony Bradley",684,0.663952801385968,0.760435677714919,1.42438847910089,"$3,542,060.00","C",0,0,1
"338","Tony Snell",1058,-1.08003272976131,-1.87234975932393,-2.95238248908523,"$12,178,571.00","F",0,1,0
"339","Torrey Craig",1069,-0.559381432078555,-0.740650157142655,-1.30003158922121,"$1,678,854.00","F",0,1,0
"340","Trae Young",2728,6.06872282773126,-3.94962689412759,2.11909593360368,"$6,571,800.00","G",1,0,0
"341","Trevor Ariza",937,-1.67613143607272,2.77543131336832,1.0992998772956,"$12,800,000.00","F",0,1,0
"342","Trey Burke",928,-0.338820710872681,-1.3611691578604,-1.69998986873308,"$3,000,000.00","G",1,0,0
"343","Tristan Thompson",1419,-2.03449530465689,-0.619323097915077,-2.65381840257196,"$9,258,000.00","C",0,0,1
"344","Troy Brown Jr.",524,-1.51027625355325,-2.28054428910089,-3.79082054265415,"$3,372,840.00","F",0,1,0
"345","Ty Jerome",788,1.43089992323455,-3.48316988234249,-2.05226995910794,"$2,303,040.00","G",1,0,0
"346","Tyler Herro",1728,-0.0116216583231316,-1.00201259624095,-1.01363425456408,"$3,822,240.00","G",1,0,0
"347","Tyler Johnson",753,-0.719742308940385,-0.911854092500211,-1.6315964014406,"$2,028,594.00","G",1,0,0
"348","Tyrese Haliburton",1746,1.53787493291124,-2.48546599086848,-0.947591057957242,"$3,831,840.00","G",1,0,0
"349","Tyrese Maxey",1091,-0.0816235184432115,-2.25203099453343,-2.33365451297664,"$2,478,840.00","G",1,0,0
"350","Tyus Jones",1269,-0.254613528496486,0.0271092578068232,-0.227504270689663,"$8,817,143.00","G",1,0,0
"351","Victor Oladipo",1080,-1.50869561400007,1.59140182314718,0.0827062091471091,"$21,000,000.00","G",1,0,0
"352","Wayne Ellington",1012,1.74621382161922,-1.75797681299999,-0.0117629913807711,"$3,564,753.00","G",1,0,0
"353","Wendell Carter Jr.",1375,-2.9346717371899,1.2557086114263,-1.6789631257636,"$5,448,840.00","C",0,0,1
"354","Wes Iwundu",539,-5.45223771182673,-0.475144670487414,-5.92738238231414,"$1,678,854.00","F",0,1,0
"355","Wesley Matthews",1240,-1.86912849722742,1.21927053497636,-0.649857962251068,"$3,623,000.00","G",1,0,0
"356","Will Barton",1819,0.0353024833191001,-1.83149972207932,-1.79619723876022,"$13,723,214.00","G",1,0,0
"357","Willie Cauley-Stein",969,-2.30516782263986,2.6488626790457,0.343694856405845,"$4,100,000.00","C",0,0,1
"358","Willy Hernangomez",846,-0.489820555521561,0.466586987537857,-0.0232335679837042,"$1,737,145.00","F/C",0,1,1
"359","Xavier Tillman",1103,-1.56432915573079,0.436321880394295,-1.1280072753365,"$1,300,000.00","C",0,0,1
"360","Yuta Watanabe",723,-1.3412350339783,0.157520660243364,-1.18371437373494,"$737,996.00","F",0,1,0
"361","Zach LaVine",2034,3.92959956949072,-1.61370155438239,2.31589801510833,"$19,500,000.00","G",1,0,0
"362","Zion Williamson",2026,3.61754428963058,-0.652527283458115,2.96501700617246,"$10,245,480.00","F",0,1,0
